{
  "logistic_regression": {
    "metrics": {
      "accuracy": 0.9353693181818182,
      "precision": 0.9134341283983797,
      "recall": 0.9353693181818182,
      "f1_score": 0.9242603851627823,
      "cv_mean": 0.9261359714169087,
      "cv_std": 0.0031059518427741122,
      "classification_report": {
        "Negative": {
          "precision": 0.9370179948586118,
          "recall": 0.9655629139072848,
          "f1-score": 0.9510763209393346,
          "support": 755.0
        },
        "Neutral": {
          "precision": 0.0,
          "recall": 0.0,
          "f1-score": 0.0,
          "support": 33.0
        },
        "Positive": {
          "precision": 0.9333333333333333,
          "recall": 0.9483870967741935,
          "f1-score": 0.9408,
          "support": 620.0
        },
        "accuracy": 0.9353693181818182,
        "macro avg": {
          "precision": 0.6234504427306483,
          "recall": 0.637983336893826,
          "f1-score": 0.6306254403131115,
          "support": 1408.0
        },
        "weighted avg": {
          "precision": 0.9134341283983797,
          "recall": 0.9353693181818182,
          "f1-score": 0.9242603851627823,
          "support": 1408.0
        }
      },
      "confusion_matrix": [
        [
          729,
          0,
          26
        ],
        [
          17,
          0,
          16
        ],
        [
          32,
          0,
          588
        ]
      ]
    }
  },
  "random_forest": {
    "metrics": {
      "accuracy": 0.9119318181818182,
      "precision": 0.8905618537964046,
      "recall": 0.9119318181818182,
      "f1_score": 0.9010916267697779,
      "cv_mean": 0.9039399465091466,
      "cv_std": 0.006865143943798815,
      "classification_report": {
        "Negative": {
          "precision": 0.911651728553137,
          "recall": 0.9430463576158941,
          "f1-score": 0.9270833333333334,
          "support": 755.0
        },
        "Neutral": {
          "precision": 0.0,
          "recall": 0.0,
          "f1-score": 0.0,
          "support": 33.0
        },
        "Positive": {
          "precision": 0.9122807017543859,
          "recall": 0.9225806451612903,
          "f1-score": 0.917401764234162,
          "support": 620.0
        },
        "accuracy": 0.9119318181818182,
        "macro avg": {
          "precision": 0.6079774767691744,
          "recall": 0.6218756675923948,
          "f1-score": 0.6148283658558318,
          "support": 1408.0
        },
        "weighted avg": {
          "precision": 0.8905618537964046,
          "recall": 0.9119318181818182,
          "f1-score": 0.9010916267697779,
          "support": 1408.0
        }
      },
      "confusion_matrix": [
        [
          712,
          0,
          43
        ],
        [
          21,
          0,
          12
        ],
        [
          48,
          0,
          572
        ]
      ]
    }
  },
  "svm": {
    "metrics": {
      "accuracy": 0.9367897727272727,
      "precision": 0.9148426598535854,
      "recall": 0.9367897727272727,
      "f1_score": 0.9256698316754624,
      "cv_mean": 0.9277334472286096,
      "cv_std": 0.005587359639553134,
      "classification_report": {
        "Negative": {
          "precision": 0.9358151476251605,
          "recall": 0.9655629139072848,
          "f1-score": 0.9504563233376793,
          "support": 755.0
        },
        "Neutral": {
          "precision": 0.0,
          "recall": 0.0,
          "f1-score": 0.0,
          "support": 33.0
        },
        "Positive": {
          "precision": 0.9379968203497615,
          "recall": 0.9516129032258065,
          "f1-score": 0.944755804643715,
          "support": 620.0
        },
        "accuracy": 0.9367897727272727,
        "macro avg": {
          "precision": 0.624603989324974,
          "recall": 0.6390586057110305,
          "f1-score": 0.6317373759937981,
          "support": 1408.0
        },
        "weighted avg": {
          "precision": 0.9148426598535854,
          "recall": 0.9367897727272727,
          "f1-score": 0.9256698316754624,
          "support": 1408.0
        }
      },
      "confusion_matrix": [
        [
          729,
          0,
          26
        ],
        [
          20,
          0,
          13
        ],
        [
          30,
          0,
          590
        ]
      ]
    }
  },
  "naive_bayes": {
    "metrics": {
      "accuracy": 0.9026988636363636,
      "precision": 0.8868150679588254,
      "recall": 0.9026988636363636,
      "f1_score": 0.8916956636666762,
      "cv_mean": 0.8888498205676585,
      "cv_std": 0.002641210292966679,
      "classification_report": {
        "Negative": {
          "precision": 0.8651817116060961,
          "recall": 0.9774834437086093,
          "f1-score": 0.917910447761194,
          "support": 755.0
        },
        "Neutral": {
          "precision": 0.0,
          "recall": 0.0,
          "f1-score": 0.0,
          "support": 33.0
        },
        "Positive": {
          "precision": 0.9603603603603603,
          "recall": 0.8596774193548387,
          "f1-score": 0.9072340425531915,
          "support": 620.0
        },
        "accuracy": 0.9026988636363636,
        "macro avg": {
          "precision": 0.6085140239888188,
          "recall": 0.6123869543544826,
          "f1-score": 0.6083814967714618,
          "support": 1408.0
        },
        "weighted avg": {
          "precision": 0.8868150679588254,
          "recall": 0.9026988636363636,
          "f1-score": 0.8916956636666762,
          "support": 1408.0
        }
      },
      "confusion_matrix": [
        [
          738,
          0,
          17
        ],
        [
          28,
          0,
          5
        ],
        [
          87,
          0,
          533
        ]
      ]
    }
  },
  "gradient_boosting": {
    "metrics": {
      "accuracy": 0.9176136363636364,
      "precision": 0.8974940063779022,
      "recall": 0.9176136363636364,
      "f1_score": 0.9074195413198779,
      "cv_mean": 0.8993230901133332,
      "cv_std": 0.009789246950536965,
      "classification_report": {
        "Negative": {
          "precision": 0.9294117647058824,
          "recall": 0.9417218543046357,
          "f1-score": 0.9355263157894737,
          "support": 755.0
        },
        "Neutral": {
          "precision": 0.0,
          "recall": 0.0,
          "f1-score": 0.0,
          "support": 33.0
        },
        "Positive": {
          "precision": 0.906396255850234,
          "recall": 0.9370967741935484,
          "f1-score": 0.9214908802537668,
          "support": 620.0
        },
        "accuracy": 0.9176136363636364,
        "macro avg": {
          "precision": 0.6119360068520389,
          "recall": 0.6262728761660613,
          "f1-score": 0.6190057320144134,
          "support": 1408.0
        },
        "weighted avg": {
          "precision": 0.8974940063779022,
          "recall": 0.9176136363636364,
          "f1-score": 0.9074195413198779,
          "support": 1408.0
        }
      },
      "confusion_matrix": [
        [
          711,
          0,
          44
        ],
        [
          17,
          0,
          16
        ],
        [
          37,
          2,
          581
        ]
      ]
    }
  },
  "neural_network": {
    "metrics": {
      "accuracy": 0.9176136363636364,
      "precision": 0.9056056617226607,
      "recall": 0.9176136363636364,
      "f1_score": 0.9110739295174409,
      "cv_mean": 0.9154827179153383,
      "cv_std": 0.00809069220452659,
      "classification_report": {
        "Negative": {
          "precision": 0.9423592493297587,
          "recall": 0.9311258278145695,
          "f1-score": 0.9367088607594937,
          "support": 755.0
        },
        "Neutral": {
          "precision": 0.08333333333333333,
          "recall": 0.030303030303030304,
          "f1-score": 0.044444444444444446,
          "support": 33.0
        },